Frase,Tipo de Frase
"Então, começamos com a primeira pergunta.",Declarativa
Você pode me contar um pouco sobre onde e quando é que nasceu?,Interrogativa
"No dia 8 do 4 de 1964 em Frossos, Braga.",Declarativa
E como é que era a casa onde vocês moravam?,Interrogativa
Quantas pessoas é que tinham dentro da casa?,Interrogativa
"Muitas, uma creche.",Declarativa
Como é que era a casa?,Interrogativa
Era grande?,Interrogativa
Era pequena?,Interrogativa
A casa era pequenina.,Declarativa
Dormíamos 6 ou 7 pessoas em cada cama.,Declarativa
"Mas quantos é que moravam lá, ao certo?",Interrogativa
"Éramos 15, 13 filhos e os pais.",Declarativa
E era uma casa de campo?,Interrogativa
"Sim, e só tinha 3 quartos.",Declarativa
E como é que foi crescer com tantos irmãos?,Interrogativa
Davam-se todos bem?,Interrogativa
"Foi espetacular, pena não voltar para trás outra vez.",Declarativa
Mas davam-se todos bem?,Interrogativa
Não havia brigas?,Interrogativa
"Sim, claro que havia brigas.",Declarativa
"Às vezes discutíamos, batíamos uns aos outros e pronto.",Declarativa
"Mas, depois, estava tudo bem.",Declarativa
Mas sobre o quê?,Interrogativa
Quando se chateavam era sobre o quê?,Interrogativa
"Muitas vezes era sobre o trabalho: uns queriam ir levar as vacas ao campo, outros queriam ir, por exemplo, sachar milho ou assim.",Declarativa
"Nós tínhamos que fazer as nossas tarefas, mas os nossos pais davam-nos uns lugares e uns irmãos podiam gostar mais e outros menos das suas tarefas, às vezes provocava um bocadinho de barulho.",Declarativa
"Eu tenho um irmão mais velho, o tio Quim, que queria sempre jogar à bola e quando a tua avó vinha da praça de vender algumas coisas, acabavámos por não ter as coisas em casa feitas, então era logo porrada velha.",Declarativa
"Falando das brincadeiras, que tipo de brincadeiras é que vocês tinham?",Interrogativa
"Era jogar à bola, jogar à macaca, à malha e às escondidas também.",Declarativa
"E nessas brincadeiras, quem é que costumava ganhar?",Interrogativa
Eram sempre os rapazes.,Declarativa
"Quanto mais não fosse, a fazer mafia.",Declarativa
Mas tinha tempo para muitas brincadeiras?,Interrogativa
"Não, jogávamos às escondidas sem a tua avó saber.",Declarativa
"Quando tivéssemos as coisas feitas, andávamos a brincar, mas levávamos porrada logo.",Declarativa
"Então você escondia-se mais da avó do que dos seus irmãos, às vezes?",Interrogativa
"Sim, A avó era para dar porrada, era lixada.",Declarativa
"O avó não, mas a avó era tramada.",Declarativa
Mas havia algum momento que vocês reuniam a família toda?,Interrogativa
"Sim, à noite quando nos sentávamos à mesa.",Declarativa
"Quando era verão, comíamos num coberto que tinha uma mesa grande e ,quando fosse inverno, comíamos na cozinha, porque a cozinha era de labrador e era grande.",Declarativa
Então as refeições eram o único momento que estavam todos juntos?,Interrogativa
"Sim, éramos divididos pelos campos.",Declarativa
"Um dia um ia fazer isto, outro ia fazer aquilo, nunca andávamos todos juntos.",Declarativa
Nem ao domingo?,Interrogativa
"Ao domingo estávamos todos juntos, era o único dia que nós conseguíamos brincar um bocadinho à tarde ,descansados, porque sabíamos que ninguém ia interromper as nossas brincadeiras, aproveitávamos o quanto mais pudéssemos.",Declarativa
"Íamos para o terreiro da casa do senhorio jogar a bola, às escondidas, ficávamos mais cansados que estivéssemos a trabalhar, mas fazíamos aquilo que gostávamos.",Declarativa
"Não tínhamos tempo para brincar, com tanto trabalho.",Declarativa
Mas aos domingos a avó deixava?,Interrogativa
"Aos domingos deixava um bocadinho da tarde, apesar de que os rapazes é que continuavam a brincar o dia todo, mas as raparigas tinham de: fazer a comida, preparar as coisas para o dia seguinte, tirar leite às vacas para levar para o posto.",Declarativa
Os avós nunca brincaram convosco?,Interrogativa
"Nem o avô, nem a avó nunca foram brincar conosco.",Declarativa
"Nem em brincadeiras, nem a falar?",Interrogativa
"Sim, a conversar, mas era mais o avô e ele jogava à malha, ele gostava muito.",Declarativa
"Quanto às tarefas, quais é que você mais fazia em casa e quais fazia mais no campo?",Interrogativa
"Era um bocadinho de tudo, Mariana.",Declarativa
"Coisas como: fazer as camas, cozinhar, lavar roupa, um bocadinho de tudo.",Declarativa
E no campo?,Interrogativa
"No campo, era cortar erva, ir buscar erva para os animais, sachar milho, cortá-lo, desfilhar as espigas.",Declarativa
"Quando fosse a altura de, por exemplo, tomates, tínhamos de apanhá-los ao fim da tardinha para a avó ir vender na praça, ela ia para lá às terças, quintas e sábados.",Declarativa
Havia uma época do ano que vocês faziam quase sempre a mesma tarefa?,Interrogativa
Ou alguma das tarefas tinha de ser com mais frequência?,Interrogativa
"Dependia da altura, não te esqueças que o ano tem quatro estações, há estações de inverno que no campo não se fazia quase nada, era só mais pôr legumes e quando havia menos trabalho no campo, trabalhávamos mais dentro de casa.",Declarativa
"Mas a época do ano mais trabalhosa mesmo era a altura das colheitas do milho, do vinho, etc.",Declarativa
Quando é essa altura?,Interrogativa
Mais ou menos em outubro ou em setembro.,Declarativa
"Por exemplo, o milho começava em junho ou julho, dependia dos campos, como aquilo era uma quinta muito grande e tinha terrenos mais secos, essa época era dos primeiros milhos que chamávamos de temperão, mas em outros terrenos de terra mais húmida, o milho ficava mais para trás, como, por exemplo, o campo da avó, aquele que nós esfolhávamos na avó é terra húmida.",Declarativa
"E nós chamávamos uma parte do campo de vessada, que era a parte onde crescia erva para dar aos animais, tínhamos de cortá-la, lavrar o campo e pôr lá o milho.",Declarativa
"Quando, às vezes, estávamos a semear o milho, já estávamos quase cultivar outros terrenos, podíamos estar a cultivar um e outro já estar praticamente a nascer.",Declarativa
"E nas tarefas, você sentia a diferença das tarefas que eram dadas aos rapazes e às raparigas?",Interrogativa
As raparigas tinham sempre os piores trabalhos.,Declarativa
"Na época, isso era normal?",Interrogativa
Porque é que eram sempre piores trabalhos?,Interrogativa
"Não, a avó é que era mais agressiva com as raparigas do que com os rapazes, antigamente era assim.",Declarativa
Mas era normal?,Interrogativa
"Claro que nunca foi normal,mas conosco aconteceu isso.",Declarativa
"Por exemplo, quando a avó ia para a praça e nós íamos jogar à bola, deixávamos as coisas por fazer, o tio dizia -ai, só meia horinha-, e depois a gente perdia-se.",Declarativa
"Quando a avó voltava e as coisas estavam por fazer, levávamos porrada, os rapazes não, eles tinham sempre melhores condições.",Declarativa
"Mas isso acontecia com muita gente, os labradores eram assim.",Declarativa
A avó fazia a diferença.,Declarativa
E o avô não?,Interrogativa
"Não, o avô nunca quis saber disso, ele queria o trabalho feito e a sesta dele, ele era uma pessoa mais liberal, não tinha nada a ver com o avó.",Declarativa
"Não quero dizer que a avó não fosse nossa amiga, ela era e nunca nos deixou passar fome e tudo, E quando começávamos a trabalhar para fora, nunca quis dinheiro nenhum nosso.",Declarativa
"Sabia que nós precisávamos dele para algumas coisas, começávamos a crescer.",Declarativa
"Em relação ao trabalho em casa, a avó era um bocadinho agressiva, ela sempre trabalhou muito também, era uma criada da vida.",Declarativa
E você lembra-se de alguma tarefa que não gostava mesmo de fazer?,Interrogativa
Em casa ou no campo?,Interrogativa
"As piores eram em casa, tanto eu como mais duas tias, queríamos sempre ir para o campo.",Declarativa
"Por exemplo, logo de manhã, quem ia para o campo lá para as cinco e meia, ia sachar milho e uma de nós ficava em casa, para tirar leite das vacas, levá-lo ao posto, chamava-se posto de leite, tinha de fazer a sopa que íamos comer às dez ou dez e meia da manhã, porque era a hora do pequeno-almoço e comíamos sopa, tinha de fazer as camas, fazer tudo.",Declarativa
"Era só uma, que também tinha de ir buscar pão à padaria.",Declarativa
"E quando fosse essa uma, não quer dizer que era sempre eu, porque era praticamente dividido.",Declarativa
"Quando fosse essa pessoa, ela tinha que andar a correr, porque o leite era entregue no posto de leite e tinha hora de entregar, se não chegasse àquela hora, fechava, depois o leite tinha de se deitar fora, isso nunca na vida, a tua avó",Declarativa
cortava-nos as pernas.,Declarativa
E havia alguma tarefa que você gostava de fazer?,Interrogativa
"Sim, à noite, ao fim de tanto trabalhar no campo, vinham as pessoas para desfilhar as espigas do milho, depois vinham as máscaras da noite, era sempre uma festa, assávamos castanhas, cozíamos batatas com a casca e íamos para o meio da eira dançar, o avô punha os gira discos na sala, que tinha uma janela, e depois, além de estarmos cansados todo dia, cheios de trabalhar, ainda íamos dançar ao fim do dia.",Declarativa
Mas isto é verídico.,Declarativa
Então era desfilhar milho?,Interrogativa
"Desfilhar milho e depois comer as castanhas, fazer uma fogueira com as cascas do feijão, e depois ficavam aquelas cascas, quando ficavam sequinhas, assávamos as castanhas, e depois comíamos castanhas e batatas cozidas com a casca, depois íamos dançar, aí o avô dançava muito rancho folclórico comigo.",Declarativa
"Mas era uma alegria, filha.",Declarativa
"Além de trabalharmos muito assim, não passávamos fome, mas também não tínhamos tudo aquilo que queríamos, tínhamos arroz, massa, sopa, pãozinho labrador, isso não faltava, graças a Deus, mas, por exemplo, bacalhau, peixe, carne, eram coisas que nunca havia.",Declarativa
"Eu lembro-me que quando nós tirávamos batatas e se cortava alguma, tínhamos que cozer logo para se não estragar, quem fosse a cozinhar, fazia quase sempre batatas escassoladas e ovinhos, ovinhos cozidos, porque havia galinhas, o avô dizia sempre -Comei, comei que o bacalhau está no fundo-, claro que nunca havia bacalhau nenhum.",Declarativa
"Agora falando da escola, como é que era naquela altura?",Interrogativa
Como é que eram os professores? Horríveis.,Declarativa
"Eu fiquei quase cega, como tu sabes, por causa da escola, que a professora mandava-nos fazer as palavras 80 a 100 vezes, para a gente decorar.",Declarativa
"E eu, então, ia para o campo tomar conta das vacas e levava os livros para fazer os deveres, porque senão levava ali uma dúzia de reguadas ou pimenta na língua.",Declarativa
"E depois, quando eu não conseguia fazer os deveres todos, ia para o quarto, sentada na cama a fazer tudo, só que era à noite e só tínhamos um candeeiro a petróleo e não havia luz, era quase sempre a última a deitar-me porque tive o azar de encontrar aquela professora.",Declarativa
E o que é que você mais gostava de aprender na escola?,Interrogativa
"Não sei, filha, naquela altura não gostava da escola.",Declarativa
"A tua avó nem queria fôssemos para a escola, por isso mesmo é que só tenho o quarto ano.",Declarativa
E como é que foi ter de parar de estudar para ajudar em casa?,Interrogativa
Você queria continuar?,Interrogativa
"Por acaso queria, porque eu tinha quase oito anos quando comecei a usar óculos e os meus primos chamavam-me de senhora professora, então eu queria continuar.",Declarativa
Foi para ajudar em casa e no campo?,Interrogativa
"Sim, porque eu era a quarta mais velha, de treze que nós éramos e era 2ª rapariga mais velha,então tinha que olhar pelos meus irmãos mais pequenos e não me deixou estudar.",Declarativa
"E se você pudesse ter continuado, o que é que acha que acabaria por fazer?",Interrogativa
Queria ser professora na altura.,Declarativa
Professora de quê?,Interrogativa
"Não sei, na altura era o que queria por causa de ter óculos.",Declarativa
"Pronto, e penúltima pergunta, se pudesse voltar no tempo e mudar alguma coisa, mudava?",Interrogativa
"Não, para além de tudo fui feliz.",Declarativa
Nada mesmo?,Interrogativa
Nem as palmadas?,Interrogativa
"Faz parte filha, também quando andava ao barulho também dava, não tenho tristeza de nada, sempre nos demos bem como irmãs, como vês, mesmo sendo tantos, graças a Deus, por isso não mudava nada.",Declarativa
Mudava para quê?,Interrogativa
Para pior?,Interrogativa
Não.,Declarativa
"E a última, o que é que você acha que as crianças de hoje podiam aprender com a sua infância?",Interrogativa
"Não faço a mínima, mas muita coisa.",Declarativa
Como o quê?,Interrogativa
"Talvez aprender a ser mais humildes, hoje a canalha está muito estragada, sinceramente, e acima de tudo, sou um bocadinho antiquada, mas aprenderem a tratar os pais por você, como eu fiz.",Declarativa
Então nesse caso seria só mesmo a humildade e ter se calhar um pouco mais de respeito a pessoas mais velhas?,Interrogativa
"Sim, porque a canalha, como vês com as tuas sobrinhas que não têm respeito nenhum aos pais, nós jamais fazíamos isso com os nossos pais.",Declarativa
"Quando a tua avó chamava por mim: -Laurinda!-, e eu dizia: -AHN-, ela era logo -Anda minha filha, que logo vais mamar!-, chegava à noite quase que me trincava a orelha de fora a fora.",Declarativa
Com a unha?,Interrogativa
Com a unha.,Declarativa
"Tínhamos de tratar os mais velho sempre por senhor, mesmo quando não percebíamos porquê, mas não podíamos falar de outra maneira.",Declarativa
"Mas também essa maneira não é a melhor, de ensinar respeito, não é?",Interrogativa
"É a educação que eles me deram e aos meus irmãos, e nunca na vida conseguimos fazer isso com os mais novos hoje em dia.",Declarativa
"O teu pai chama a avó por -minha mãe-, não chama -mãe, oh minha mãe-, é verdade ou mentira?",Interrogativa
Pois é.,Declarativa
E os teus tios?,Interrogativa
"Também tiveram a mesma educação que eu, mas agora não sabemos dar a educação de antigamente.",Declarativa
São outros tempos.,Declarativa
"Porque é assim, chamam-nos antiquados, apesar de tentarmos dar o melhor em relação a isso.",Declarativa
Qual é a Memória mais antiga de... que te recordas?,Interrogativa
Que me recordo?,Interrogativa
A memória mais antiga?,Interrogativa
"Do meu falecido avô, que era marinheiro, que era responsável na em Matosinhos, pelas praias, pelas Docas.",Declarativa
Nós íamos muitas vezes a brincar para a casa dele.,Declarativa
"Ele tinha tudo muito certinho, as canetas no sítio certo, o boné, tudo nós mexíamos naquilo.",Declarativa
"Ele ficava furioso em atraso de nós a ralhar, não é?",Interrogativa
"Não NOS batia, mas ía-nos ralhar.",Declarativa
"Ele era um homem muito alto, muito bem parecido.",Declarativa
Militar fugiu aos 16 anos de casa dos pais para Salistar na marinha e ficou a vida toda na marinha como cabo de mar e guerra.,Declarativa
"Ele era muito rígido, muito disciplinado e nós como crianças, não tínhamos disciplina nenhuma e ele não gostava nada disso, não gostava nada dessa treta.",Declarativa
Outra Memória que eu tenho é com o meu pai.,Declarativa
"Que íamos para o Palácio de Cristal, comer batatas fritas e andar nos barcos a motor que havia antigamente no passo de cristal nas pistas dos carrinhos que o meu pai gostava de andar comigo.",Declarativa
"E…e ir para a praia com eles, com a minha mãe, fazia praia de meio a Setembro com a minha mãe, não é?",Interrogativa
Aprendi a nadar muito cedo.,Declarativa
"Eu, aos 4 anos deidade, já sabia nadar, Nava com o meu pai para fora de pé para a minha mãe.",Declarativa
"Não gostava da ideia, mas o meu pé levava-me à borda dele.",Declarativa
"As, as minhas memórias mais eue eu me lembro neste momento.",Declarativa
"Outras são Matosinhos, as festas, os estacos de hóquei.",Declarativa
O meu pai me oferecia todos os anos um taco de hóquei com uma bola todos os anos.,Declarativa
É um taco diferente de uma cor diferente.,Declarativa
"Para mim, sócio do Benfica, Formo sócio de Leixões.",Declarativa
"Eu nunca paguei uma cota, pagava tudo, fazia questão de ser ele a pagar porque gostava.",Declarativa
Eu fosse adepto dessas 2 equipas que era da minha Terra.,Declarativa
"Leixões do Benfica, que era apaixona do meu pai.",Declarativa
Foi o que me arranjou emprego nos discos.,Declarativa
Foi o meu pai.,Declarativa
Sabia que eu gostava muito de música nos discos e arranjava um emprego na Brasília porque era um cliente dele do restaurante onde ele trabalhava.,Declarativa
Tinha uma loja e precisava de alguém para para ajudar nas vendas e o meu pai lembrou-se de mim e eu fui para lá todo contente.,Declarativa
Ganhei um.,Declarativa
Bom eu tive há uns anos a vender discos.,Declarativa
"Outras coisas que eu posso lembrar, mais antigas.",Declarativa
Minha mãe.,Declarativa
"Não é de fazer praia dos Éclays que gostava das senhoras da das das pastelarias que iam lá levar os bolos e vendiam os bolos nas praias dos gelados que ganharam vendidos nas praias da língua da sogra, as batatas fritas, água gelada da praia de Matosinhos.",Declarativa
"Estamos na praia controvoada fazer Chuva, ver o Sol, a minha mãe ia todos os dias para a praia, não interessava conforme estava O Tempo.",Declarativa
Se tivesse a chover também ia se fosse travada também ia nortardas e saía só para a praia que tinha por uma série de de ossos e precisava do iodo do mar.,Declarativa
"Também ia todos na altura do Verão, de meio a Setembro, Todos os Santos dias ia para a.",Declarativa
"Independentemente do tempo que estivesse todos os dias, essas são as mesmas horas mais antigas.",Declarativa
Que eu tenho.,Declarativa
"Falaste do teu avô, que era marinheiro?",Interrogativa
Há alguma Memória que te chama mais atenção?,Interrogativa
Que passaste com ele?,Interrogativa
"Sim, ele contou-me que foi um dos entre 30 homens num temporal muito grande no Porto de leixões.",Declarativa
"Às 2 da manhã, saiu de casa a correr em Marcos a remos e foi para para o mar a correr risco de vida porque o Nuno muitos navios estavam a afundar com o mau tempo, porque relativamente o Porto de Leixões não é como é agora era em mar aberto.",Declarativa
"Á, o mar está mau tempo, ele foi…",Declarativa
"Foi socorrer, salvou muitas vidas e ele e, o, e os colegas que estavam com ele também marinheiros, pessoas, civis, pescadores, foi toda a gente para, a para a água durante a noite para ressalvar as pessoas e depois tinha eu tinha um diploma que sabia sempre com muito orgulho dos covos náufragos.",Declarativa
Não é?,Interrogativa
Participação naquela data no socorro daquela gente.,Declarativa
"O que é assustadora que as pessoas iam para ondas de 8 9 m de altura para um barquinho a remos para salvar as pessoas que estavam se a afogar que os barcos estavam a ir ao fundo, salvar as pessoas.",Declarativa
"Claro, portanto, não, não é os dias de Hoje.",Declarativa
Por isso era um homem de muita coragem.,Declarativa
Sem dúvida não é.,Declarativa
Sempre foi um homem de muita coragem e se embora é que eu mais tenho do meu avô.,Declarativa
"De defeitos que ele fez esteve na teve na Primeira Guerra Mundial no, em África.",Declarativa
"Num barco tive, tive foi o barco, foi atingido por um submarino alemão que o que afundou a fragata portuguesa.",Declarativa
Eles estiveram no mar 8 dias em barcos.,Declarativa
"Não é só com as rações e já, já beber antes de serem salvo salvos por uma fragata inglesa.",Declarativa
"Quase a pão e água e a beber água do mar já na, na, nos últimos dias, antes de serem salvos, eles estavam num, num completo desespero e pronto.",Declarativa
"Mesmo assim, ainda morreu alguém durante esse esses 7 dias desidratado?",Interrogativa
"Pronto, está pessoas feridas porque o barco foi, foi atingido e era, era uma das histórias que ele me contava que um dia pôs também esse sentimento.",Declarativa
As senhoras na praia não podiam mostrar mais do que 20 cm da perna.,Declarativa
Que eu andava com uma fita métrica nas praias a ver as senhoras na praia que se tinham mais de 20 cêntimos quem tivesse mais de 20 cêntimos de perna à mostra apanhava uma multa.,Declarativa
Aquilo passava a multa na altura e as pessoas iam pagar depois à capitania do Porto porque era a obrigação dele verificar se as senhoras não tinham mais de 20 cm de perna à mostra.,Declarativa
"Havia uma praia em Matosinhos, que era a praia dos ingleses.",Declarativa
"Ainda existe que é agora a parte curva do castelo do queijo, onde é só os ingleses, é que frequentavam aquela praia e ele também ia lá.",Declarativa
"Fazer fiscalizações às senhoras inglesas que tinham mais de 20 cm de perna à mostra, disse, não eram multadas e seriamente multadas.",Declarativa
"Isso é uma das coisas que ele me contava das curiosidades que fazia quando era mais novo na marinha e quando chegou a, a, a para, para a Capitania de Matosinhos.",Declarativa
"Ele era capitão de, ele era cabo de mar e guerra, que era o atual…",Declarativa
"Seria hoje, talvez um tenente, na altura não havia.",Declarativa
"Ele teve na guerra, portanto, tinha já um bom posto militar na Capitania de, de Leixões.",Declarativa
Ele falava bem na guerra ou tinha muita dificuldade em falar sobre isso contigo?,Interrogativa
"Não, não tinha dificuldade nenhuma, muito pelo contrário, ele gostava normalmente com muita coragem.",Declarativa
Estava com orgulho da guerra e dos feitos de do dos poucos combates que teve na Primeira Guerra Mundial.,Declarativa
"Não é que assustaram, como é óbvio, ninguém ia de ferro, mas uma coisa que ele também tinha.",Declarativa
"Ele nunca tomou banho de água quente na vida toda, só Tomar banho de água fria.",Declarativa
Eu Não sabia o.,Declarativa
Era água quente nos banhos.,Declarativa
Qual é a importância das fotografias que trouxeste?,Interrogativa
"Bem, este é o é o é o meu pai e a minha mãe.",Declarativa
"Já velhitos, não é?",Interrogativa
"A minha mãe já estava se é demente nesta fotografia com o neto que acabou de nascer, meu pai com uma cara sempre de, de, de mau, mas nunca foi mau má pessoa, nem nunca foi mau para ninguém, muito pelo contrário, mas tinha sempre aquele cara um bocado sisudo que era de, do defeito.",Declarativa
"A minha mãe estava de mentes, estava muito doente nesta altura.",Declarativa
Foi uma alegria muito grande para a minha mãe e para o meu pai.,Declarativa
"Como é óbvio, nasceram o primeiro netinho.",Declarativa
"Mas, deixa-me alguma saudade, vai para esta fotografia, porque já foi na fase final da vida deles, não é?",Interrogativa
"Passado uns tempos, as pessoas acabam por falecer um e outro.",Declarativa
Não é?,Interrogativa
"Com meio ano de, de intervalo entre, entre primeiro foi a minha mãe pela demência que tinha, acabou por falecer, passou.",Declarativa
"Foi o meu pai pelo cancro que tinha e depois a minha mãe logo de seguida, passado meio ano ou.",Declarativa
"Isto foi na fase que a minha mãe estava demente na totalidade antes de cair e se calhar acamado e o meu pai sempre me lembro, tratava sempre muito bem a minha mãe.",Declarativa
Estava sempre presente.,Declarativa
"As minhas irmãs também, principalmente a minha irmã mais velha, a Maria José.",Declarativa
A outra não raramente ia lá.,Declarativa
"A casa ia lá só fazer a, a visita de, da praxe não ajudava em nada, enquanto a minha irmã ficava lá.",Declarativa
"Os, os dias todos com a com a minha mãe e com o meu pai, e eu ia lá ao fim de semana para ela poder descansar ia lá na sexta e sábado ficava lá eu a Tomar conta deles para a minha irmã poder descansar até que eles faleceram.",Declarativa
Isto é a fotografia.,Declarativa
"De em alegria e tristeza ao mesmo tempo, porque já era uma fase muito chata… nesta, nesta fotografia.",Declarativa
E a fotografia do teu avô é importante?,Interrogativa
É importante.,Declarativa
"Porque ele era um homem, era um homem muito medalhado aqui, embora esta aqui não tinha medalhas, todas tinha algumas, foram muito medalhado, tinha muitas medalhas na principalmente na Primeira Guerra Mundial, nos combates que teve no mar com.",Declarativa
"E porque quando foi promovido ele era, ele era um marinheiro, não é?",Interrogativa
"Depois que foi promovido para cabo e depois para cabo de Mário e guerra, porque era um era um homem do, do era um militar de com carreira prática lá na guerra, não é?",Interrogativa
"Ele foi à guerra, não é ele não esteve só NOS barcos, não esteve só na Capitania, esteve na guerra na Segunda Guerra Mundial.",Declarativa
"Foi a salvação da, da rua onde ele morava com a minha mãe e com a com a com a mulher, porque ele trazia tudo, trazia chocolates, trazia peixes, trazia brinquedos, trazer tudo que ninguém tinha.",Declarativa
"A única coisa que ele não conseguia trazer era o pão, que era racionado por senhas.",Declarativa
O Estado não permitia então o pão.,Declarativa
"Ele não conseguia trazer então a, a minha avó e a minha mãe iam para as filas do pão e terminavas com as senhas da, da racionalizadas da Segunda Guerra Mundial, ir buscar o pão, mas o resto…",Declarativa
"Toda A Gente tinha tudo, bebidas, peixe, carne na rua, ele partilhava tudo com Toda A Gente, era um homem sisudo, era um homem muito militar, muito disciplinado, muito… mas ajudava toda a gente, ajudava toda a gente.",Declarativa
Alguma vez gostavas de ter seguido os passos do teu avô?,Interrogativa
"Eu tentei, mas havia tanta gente, tantos voluntários naquela altura que eu fiquei na reserva territorial durante um ano, à espera de ser.",Declarativa
"E quando recebi a carta da Marinha, pensava que era para ser chamado, não mandaram-me para a reserva porque tinha, tinha acabado o prazo de, de, do meu voluntariado e não seria chamado pronto, mas eu tinha voluntariado para os fuzileiros na altura, mas.",Declarativa
"Eram tantos, tanta gente que foi, foi selecionada aquilo depois foi um bocado aleatório, foi pelos números de cada um.",Declarativa
"Quase um sorteio não é uns foram chamados, outros não foram chamados e eu fiquei na reserva um ano à espera de ser chamado a alguma desistência para entrar.",Declarativa
"No entanto, ninguém desistiu.",Declarativa
Eu fiquei na reserva de incorporação e depois passei para a reserva territorial.,Declarativa
"E não, não fui à tropa, mas foi daqueles que se voluntariou para ir.",Declarativa
Há alguma coisa que te arrependas não ter feito?,Interrogativa
Não.,Declarativa
Nunca.,Declarativa
Só me arrependo daquilo que não fiz daquilo que fiz.,Declarativa
Nunca me arrependi bem ou mal.,Declarativa
Tive que o fazer.,Declarativa
E o que é que arrependes de não ter feito?,Interrogativa
"Ora, não consegui ter ido para a marinha como o meu avô.",Declarativa
"Não vou, não consegui ter entrado para os fuzileiros e eu, se calhar, até foi melhor.",Declarativa
Não é?,Interrogativa
Ou não?,Interrogativa
"Não sei se calhar estava tinha, tinha era militar de carreira como o meu avô provavelmente seria um dos meus sobrinhos.",Declarativa
"Foi matar e é matar de carreira também inspirado um bocadinho pelo bisavô, não é?",Interrogativa
Que ele está na nos comandos e é comando de paraquedismo.,Declarativa
"É sargento comando paraquedista e mas foi inspirado até no na carreira do aluno do bisavô, neste caso no bisavô.",Declarativa
"Se pudesse dizer alguma coisa a alguém que já partiu, o que é que dirias?",Interrogativa
"Ui não sei, não faço ideia, não faço ideia, não faço ideia.",Declarativa
"Depende da pessoa que partiu, não é?",Interrogativa
Não faço ideia.,Declarativa
Sempre que disseste tudo o que querias dizer a toda a gente ou?…,Declarativa
"Sim, sim, sim, sim, sim, venham mal sempre disso.",Declarativa
O que é que costumavas fazer na tua rua quando eras mais novo?,Interrogativa
"Quando era da idade, quando entre, entre os a primária e o secundário, andava sempre na rua sair de casa cedo, que nas férias, principalmente sair de casa muito cedo e também NOS juntarmos uns amigos todos na rua e depois irmos andar de bicicleta, jogar à bola na rua, irmos para a praia, mas basicamente estávamos sempre na praia.",Declarativa
"Nós fizemos praia 12 meses ao ano, não é verão de Inverno irmos sempre, porque era nosso Recreio.",Declarativa
"Era a praia, íamos de barco na praia, o meu pai tinha, eu tinha um barco de borracha que de Inverno íamos para a praia, tentar ver se conseguimos vencer as ondas.",Declarativa
"Íamos de bicicleta para muito longe, fazemos muitos quilómetros, íamos à noite, às vezes para o Porto, para a arrábida andar de bicicleta.",Declarativa
"Lembro-me, era uma vida diferente.",Declarativa
Tínhamos que inventar quanto agora,Declarativa
Toda A Gente tem Internet.,Declarativa
"Os jogos de computador, telemóveis, redes sociais.",Declarativa
Na altura não havia nada disso.,Declarativa
Temos que inventar os nossos passatempos.,Declarativa
"Andámos muitas vezes para ganhar dinheiro, íamos buscar as percebas ou os camarões, os Camarões, pequenininhos às rochas e os caranguejos íamos vender às marisqueiras para ter algum dinheiro, para irmos para o cinema, para beber qualquer coisa era.",Declarativa
Era uma aquele tipo de de entretenimento.,Declarativa
"Portanto íamos muitas vezes também para as corridas de Vila do Conde, que era a nossa paixão os automóveis.",Declarativa
"E foi passámos o fim de semana, em íamos de comboio com as tendas, não é?",Interrogativa
"E sempre um adulto ou dois para, para estar connosco e nós íamos com eles acampados.",Declarativa
Aquilo era uma diversão porque era três dias a ver corridas de automóveis de manhã e os aceleras à noite.,Declarativa
"Depois a polícia chegava e não e, e acabava com aquilo tudo, com a diversão daqueles milhares de pessoas que estavam em Vila do Conde a assistir às habilidades dos, dos condutores de ocasião.",Declarativa
"É muito, afinal, por por, por automóveis parques de escapismo, fazemos muito campismo também.",Declarativa
"Quando comecei a ter Carta de condução, já íamos para mais Longe.",Declarativa
"Pá íamos fazer campismo para Aveiro, para para o Douro, para Espanha, irmos para as discotecas, para Espanha, ficámos a dormir na, na, em Baiona, no parque de campismo, e eu e noutros sítios também.",Declarativa
"Eram eram, era diferente.",Declarativa
"Nós temos que arranjar soluções para nos entreter, não é?",Interrogativa
O cinema sempre não é.,Declarativa
"O Star Wars sempre foi ao Star Wars, os filmes do Spielberg.",Declarativa
"Na altura, era a grande coqueluche e ficou aquela marca na minha geração toda, do tanto, gosta de, dos, dos filmes de Star Wars que diga quem não gosta porque era.",Declarativa
"Era o Star Wars que me apareceu depois mais tarde do Alien também, que foi que ficou muito",Declarativa
"Na Na Memória de Toda A Gente, porque são eram filmes que hoje em dia são um bocado ridículos, vê-los outra vez porque os efeitos especiais eram demasiado básicos, não é?",Interrogativa
Comparados com os efeitos especiais que há hoje em dia.,Declarativa
"Aquilo não parecia nada real, não é?",Interrogativa
"Mas para nós, aquilo é novo com luxo.",Declarativa
"Depois apareceram os computadores, o Spectrum Juntávamos 10 ou 15 gajos na minha casa ou em casa de outro amigo a jogar Spectrum é comprar revistas na, nas tabacarias com código, com linhas de códigos básicas.",Declarativa
"Para fazer os Jogos, fomos uma cassete, fomos leitores e todos fascinados com aquilo que hoje em dia olhamos e é ridículo.",Declarativa
"Não é que é demasiado básico, demasiado rudimentar, primitivo até, mas era entretenimento e estarmos ali.",Declarativa
Depois apareceu o Comodor 64.,Declarativa
"A coisa foi evoluindo, mas era tudo muito, muito, muito, muito, muito rapaz, muito básico, mas era o nosso tratamento, era isso.",Declarativa
Já viajaste muito.,Declarativa
Qual é os sítios que mais te chamam a atenção nas memórias?,Interrogativa
"Do Brasil quando eu saudades, o resto é bonito, mas não deixa saudades.",Declarativa
Do Brasil sim.,Declarativa
É um país muito bonito e tive oportunidade de estar lá uns dias largos.,Declarativa
Estive 20 e tal dias 27 dias.,Declarativa
"Acho eu no Brasil, no Rio de Janeiro, depois percorri a Baía toda e, portanto, é que toda a zona do, da, do, da Baía.",Declarativa
"Em… em, no Brasil todo aquele Nordeste, mas na, na, nos, no Estado de Salvador, que é que além disso meteu as tartarugas a pôr os ovos.",Declarativa
"Tive a mesma série de coisas, vi sítios fantásticos, tudo muito barato.",Declarativa
Era tudo muito ridiculamente barato na altura era a transição.,Declarativa
Do escudo para o euro e levamos em euros e na altura lembra 500 euros.,Declarativa
Comprei tudo e mais alguma coisa.,Declarativa
"Paguei tudo, trouxe dinheiro de volta, não é?",Interrogativa
"Não consigo gastar os 500 euros porque nem metade ia, eu gastei, e nós saímos de todo o lado, restaurantes caríssimos, para os brasileiros.",Declarativa
"Porque o ordenado mínimo no Brasil eram 20, minto, eram 15 euros ou 12 euros nada mínimo é nós, com 500 euros é só fazer a conta.",Declarativa
Não é?,Interrogativa
"Quando os ordenados, não é não dava, portanto, não é eu em 20 dias podia ter gasto 10 ordenados brasileiros naquela altura, porque era tudo barato, era tudo, mas é nós até achávamos estranho aos canos.",Declarativa
"Ficávamos sempre na dúvida, porque será que nos enganamos a fazer as contas?",Interrogativa
"Mas não era tudo demasiado barato, um chinelo, umas havaianas não, não chegava 1 euro ou 70 cêntimos, mas havaianas, um biquíni daqueles brasileiros que que se vendiam aqui caros custavam 2 euros.",Declarativa
"Uma refeição com lagosta e com marisco e cervejas e tudo isso e sobremesas, duas pessoas não chegava a 10 euros.",Declarativa
"E era assim nestes valores que, que no Brasil se comportava eu hoje em dia também a mesma coisa pelo que me apercebi ontem também no Brasil está tudo muito barato, as viagens, o alojamento e as viagens estão muito caras, mas o resto, o nível de vida.",Declarativa
"Como o, o do euro, está muito forte em relação ao, ao real, continua está quando eu fui a maior propulsão, agora está 7.",Declarativa
"7 reais para 1 euro,",Declarativa
"na altura era de 12 reais para 1 euro, portanto, é fácil fazer a conta, não é 10 reais × 12.",Declarativa
12 euros.,Declarativa
"Já sabemos quantos reais é que era, que era muito dinheiro para a altura, portanto nós, nós podemos dar ao luxo de ir jantar e pagar um ordenado mínimo brasileiro daquele naquele momento, portanto, não passava de 12 euros que era ridículo, não é mesmo?",Interrogativa
"Quando paramos para o padrão que tínhamos na altura na Europa e em Portugal, era ridículo, muito baixo e estamos a falar.",Declarativa
"É a mesma coisa que nós pegámos num ordenado de 700 euros e gastamos num jantar, portanto era a mesma coisa que os brasileiros sentiam quando nós gastávamos 12 euros ou 13 num jantar ou não almoço achar, estes gajos não têm nada a fazer o dinheiro, mas pronto, mas pronto era tudo muito barato.",Declarativa
"Era assim, foi das memórias mais…",Declarativa
E o Rio de Janeiro era muito bonito.,Declarativa
Perigoso.,Declarativa
"Andámos sempre escondidos, sempre de sinal de dedo e t-shirts e calções de banho.",Declarativa
"Calções de short, sim, uns shortsinhos, uns calções e calções de banho a toalha debaixo do braço para não parecermos os turistas, porque era na altura muito perigoso ir ao Rio de Janeiro.",Declarativa
Muito perigoso.,Declarativa
"Há mais algum sítio que já tenhas viajado, que gostava de voltar?",Interrogativa
Tunísia.,Declarativa
"Á Tunísia gostava, gostava muito de voltar.",Declarativa
Porque a Tunísia é muito bonita.,Declarativa
"É um dos países árabes, se calhar mais bonitos, e o Egito que nunca fui.",Declarativa
"Gostava de ir ao Egipto pela história, pelas pirâmides, pelo Nilo.",Declarativa
Deve ser lindíssimo.,Declarativa
"Agora a Tunísia é um dos países muito, muito menos é o se calhar dos países árabes mais, mais europeus.",Declarativa
"Se possa chamar do, do mundo árabe porque está muita influência no turismo.",Declarativa
"São vocacionados pelo turismo, não é?",Interrogativa
"São águas, são cenários do Star",Declarativa
Wars todos não é.,Declarativa
Tem lá a Tatooine que existe.,Declarativa
"Nem, nem o, o, o, o, o autor da, da saga Star Wars se preocupou em mudar o nome da aldeia, manteve Tatooine que é o deixar nosso mesmo Tatooine e esse e o cenário Tatooine mantém-se lá com as pronto, com as alterações que ele fez para fazer os cenários para o Star Wars e aquilo é muito bonito.",Declarativa
"Tem tem a parte romana, porque nós não há uma parte da Tunísia que se vê a Sicília.",Declarativa
"De outro lado, em dias claros consegue-se ver a Terra.",Declarativa
"É muito curto, a distância é muito pequena.",Declarativa
"Portanto, pode ser de barco de de Itália para a Tunísia, e os Romanos vieram assim e vieram, trouxeram o azeite, trouxeram uma série de coisas para a Tunísia, a Tunísia, a Tunísia deve ser um dos principais.",Declarativa
"É todo mundo é tounense e depois tem o universo todo o Star Wars nos desertos, cidades romanas, as fenícias tem tem todos.",Declarativa
"Os povos passaram pela Tunísia, que é muito bonito de de saber os judeus é o único país onde os judeus é os árabes se entendem, eles vivem, vivem perfeitamente perfeita a harmonia.",Declarativa
"Não há judeus nem há árabes como a gente vê nos conflitos, não é israelitas como os palestinianos e não só, e com o mundo árabe, os judeus e os árabes.",Declarativa
Ali não na Tunísia não há esse.,Declarativa
"Esse problema com com os judeus, judeus realmente são orientados para para as jóias.",Declarativa
São os livros.,Declarativa
Praticamente isso é tudo o livro.,Declarativa
"Judeus, portanto, tudo o que é jóias tunisinas geralmente vem de famílias judaicas.",Declarativa
A produção e a conceção das jóias é tudo judaico e não há.,Declarativa
"Não há conflitos entre judeus e árabes, tratam-se e questão também.",Declarativa
As religiões de ali são todas muito toleradas.,Declarativa
"Ninguém é contra ninguém, ninguém é fundamentalista nem nada.",Declarativa
Pergunta,Declarativa
Resposta Boa,Declarativa
tarde.,Declarativa
Estou aqui hoje para entrevistar a minha avó.,Declarativa
Irei então fazer-lhe uma série de perguntas às quais ela vai responder e procurarei ser o mais objetivo possível com ela para que as respostas possam ser fluídas.,Declarativa
"Sendo assim, boa tarde, hoje irei colocar-te uma série de perguntas.",Declarativa
O objetivo é isto ser uma conversa assim mais informal e estou à espera que consigas responder a tudo ou a praticamente tudo o que eu irei perguntar.,Declarativa
"Então, o que é que tens a dizer da tua infância, de que é que te lembras mais, o que é que te fez mais feliz e o que é que era diferente que hoje não é assim tão igual?",Interrogativa
"Como deves calcular, eu já nasci há 73 anos e nessa época a vida era completamente diferente do que é agora.",Declarativa
"Lembro-me de uma infância muito feliz, tive uma avó que me deu muito carinho, que me deu muito amor.",Declarativa
"Tenho... tinha duas irmãs, porque a mais velja já morreu, mas eu nasci porque elas pediram que eu nascesse e então eu acabei por ser uma menina do mimo, porque era mimada pela mãe, pelos irmãos, pelo pai e até pelos vizinhos.",Declarativa
"Vivíamos em Angola, em Angola nós tínhamos uma vida muito mais livre do que aqui em Portugal, e penso que em Portugal, eu até comparo um bocadinho à vida das aldeias, embora morássemos numa cidade em que tínhamos liberdade para sair de casa, andarmos descalços, subir às árvores, brincar...",Declarativa
"Havia uma empatia muito grande com os vizinhos, que deixavam de ser vizinhos para ser praticamente nossos familiares.",Declarativa
Foi uma infância que guardo com bastante saudade e em que fui feliz.,Declarativa
"Entretanto, as coisas foram evoluindo, acabámos, mais tarde, os estudos, comecei a trabalhar na banca, casei.",Declarativa
"Desse casamento nasceram dois filhos que são os amores da minha vida e que por eles tudo faço e tudo faria e agora que me deram os 3 netos que tenho, que são a luz da minha vida.",Declarativa
"Sou feliz por isso, são miúdos que acabaram por corresponder aos objetivos que eu pretendia na minha vida no que respeita à sua educação.",Declarativa
"São pessoas realmente de que me orgulho, porque nunca me deram desgostos, sempre foram muito bem comportados, de bom caráter, boa índole, muito meus amigos e não poderia desejar mais do que isto na minha vida.",Declarativa
Nasceste em que ano?,Interrogativa
"Foi em 1952, não foi?",Interrogativa
"Em 1951, eu nasci em 1951.",Declarativa
"Eu vivi na cidade de Benguela, em Angola, até aos meus 14 anos, depois fui para o Lobito, que é uma cidade que fica a 20km de Benguela.",Declarativa
Entretanto vim a Portugal passar férias com o meu pai e com a família.,Declarativa
"Conheci outros familiares, que são da região do Douro, que é a origem do meu pai, o meu pai nasceu no Douro, a minha avó também e duas irmãs.",Declarativa
"Entretanto, eu já nasci em Angola, eu e mais dois irmãos.",Declarativa
"Somos irmãos bastante unidos, que nos apoiamos, nunca houve grandes problemas entre nós e tivemos uma vida bastante tranquila.",Declarativa
"Quando vim de Portugal, fui para uma cidade, que é a cidade mais ao Norte de Angola, que é a cidade de Cabinda.",Declarativa
"Na época, foi quando começou a prospeção de petróleo pelos EUA, do que resultou uma evolução muito grande da cidade e quando começaram a ir para lá muitas pessoas que eram contratadas pela Cabinda Golf precisamente para fazerem a exploração de petróleo.",Declarativa
"Inicialmente trabalhei numa companhia americana, que era a Marine Service, uma empresa que se destinava a tratar da logística das sondas que estavam no mar.",Declarativa
"Um ano depois, candidatei-me à banca e ingressei no banco, portanto fiquei ligada à banca até à minha reforma.",Declarativa
Em Angola trabalhei no Banco de Crédito e no Banco Totta Standard.,Declarativa
"Depois vim para Portugal, após o 25 de abril, e ingressei no Banco Santander, aliás no Banco Totta & Açores, que hoje é o Banco Santander.",Declarativa
"Fiz uma boa carreira, gostei do trabalho que fiz, criei muitos amigos, conheci muita gente, e ao fim e ao cabo esse é o percurso da minha vida.",Declarativa
João: Cabinda na altura era grande ou era uma cidade pequena?,Interrogativa
A cidade em si era uma cidade pequena em que toda a gente se conhecia.,Declarativa
"As pessoas viviam com muita facilidade, porque a vida era muito barata, e depois era uma cidade rica.",Declarativa
"As pessoas foram-se conhecendo, muito solidárias, muitas festas, tinha umas praias espetaculares.",Declarativa
"Agora, a sua floresta, a segunda maior do mundo, era qualquer coisa de imponente.",Declarativa
Eu nunca consegui entrar nela mas já li muito sobre ela.,Declarativa
Realmente foi uma das cidades onde gostei muito de viver.,Declarativa
"Tínhamos uma vida muito fácil, não sabíamos o que eram dificuldades.",Declarativa
"A maior parte da população, mesmo a mais pobre não lhe faltava o indispensável, viviam relativamente bem, não havia pessoas pobres.",Declarativa
"Na altura, qual é que era a moeda lá?",Interrogativa
Lá era o escudo.,Declarativa
"Era como aqui, então?",Interrogativa
"Não, era o escudo angolano.",Declarativa
"E na altura devia ter mais valor, não?",Interrogativa
"Não, tinha menos valor que o de Portugal, e havia alguma dificuldade em transferir dinheiro de lá para cá.",Declarativa
Tinha que haver uma justificação.,Declarativa
Tinha que se justificar a transferência.,Declarativa
Não sei qual era.,Declarativa
"O que é que exigiu na altura, porque nós, as pessoas que foram de Portugal para Angola, queria aquilo.",Declarativa
Era um estilo de vida que dificilmente se poderá contar.,Declarativa
Tem que ser vivido.,Declarativa
Nunca pensavam em regressar a Portugal.,Declarativa
Deparei me com muita gente que vinha passar um mês a Portugal e passado 15 dias regressava porque eles não se adaptavam já à vida em Portugal e regressavam a Angola.,Declarativa
"Angola tem um clima extraordinário, é uma terra muito rica.",Declarativa
Pena é que penso que as coisas lá não estejam a correr muito bem.,Declarativa
"O povo neste momento vive com muitas dificuldades e isto já entra no âmbito da política e eu aí não me quero pronunciar, porque não estou devidamente informada para para falar sobre isso.",Declarativa
"Mas pronto, já estive lá depois da independência, pois tenho lá uma filha a trabalhar, é professora na escola portuguesa e, claro, atendendo à situação da minha família, que é uma situação boa financeiramente, foram férias formidáveis que nós lá passámos, não é?",Interrogativa
"Mas pronto, em Portugal fui bem recebida, contrariamente a muita gente e com certamente com justificadas razões, se queixam da maneira como foram recebidas.",Declarativa
"Eu, pessoalmente, por onde andei, fui sempre bem recebida.",Declarativa
Fiz boas amizades.,Declarativa
Sempre fui muito apoiada.,Declarativa
Não tenho qualquer razão de queixa.,Declarativa
"Lá em Cabinda, as pessoas que moravam lá e trabalhavam, a maior parte cresceu lá em Angola ou são pessoas que foram de Portugal para lá e ficaram lá?",Interrogativa
"Tinha pessoas de toda a parte do mundo porque vinha atendendo à exploração, ao petróleo.",Declarativa
E até muitos americanos?,Interrogativa
"Muitos americanos, sul africanos, portugueses, espanhóis, libaneses.",Declarativa
"Havia gente de todas as nacionalidades, praticamente.",Declarativa
Muita gente mesmo.,Declarativa
"E depois, quando saíram de lá, foram para onde?",Interrogativa
Para que sítio?,Interrogativa
"Eu, quando saí de lá, saí e voltei novamente para o Lobito, porque eu conheci o teu avô em Cabinda.",Declarativa
O teu avô estava lá a fazer o serviço militar.,Declarativa
Entretanto resolvemos casar e eu regressei.,Declarativa
"Saí de Cabinda e foi quando eu fui para Silva Porto, que hoje é o Cuito, que foi onde me casei.",Declarativa
"Casei-me, fui para lá de onde vivia e fiquei lá a viver e a trabalhar na banca na mesma até regressar.",Declarativa
E foi lá que nasceram os meus dois filhos.,Declarativa
"Trabalhaste na banca quantos anos, ao fim e ao cabo, tudo somado?",Interrogativa
"Em Angola, trabalhei seis anos.",Declarativa
"Eu entrei para a banca, penso que foi, seis anos no banco em Angola.",Declarativa
Entrei em janeiro de 1969.,Declarativa
"Então, saíste em 1975?",Interrogativa
Pois.,Declarativa
E depois foi aqui.,Declarativa
Aqui em Portugal fui reintegrada em Maio de 77.,Declarativa
Exactamente.,Declarativa
"De qualquer forma, o que eu te queria também contar é o seguinte:",Declarativa
"eu quando saí de Cabinda, eu saí Cabinda em Dezembro, só casei em Abril e então tive que pedir a transferência para o Lobito, que era onde vivia a tia, uma irmã minha, e porque eu fui para lá viver para a casa dessa minha irmã e fui para o mesmo banco.",Declarativa
"Entretanto, na expectativa porque me tinham dito que iriam abrir uma um…",Declarativa
Balcão?,Interrogativa
Um balcão em Silva Porto.,Declarativa
"Casei, pedi uma licença sem vencimento, depois casei e voltei para o Lobito.",Declarativa
"Isto, foi em abril.",Declarativa
"Esperei até dezembro, em dezembro o banco ainda não tinha aberto nenhum balcão lá.",Declarativa
"Resolvi despedir-me porque não fazia sentido eu estar estar a viver no Lobito, estando casada e o marido a viver em Silva Porto.",Declarativa
"Portanto, despedi-me do banco em dezembro e reingressei no Banco Totta Standard em Janeiro de 1972.",Declarativa
Quando entrei eu já tinha uma carreira feita no Banco de Crédito.,Declarativa
Entrei no Banco Totta Standard.,Declarativa
Disseram me que tinha que entrar outra vez como iniciante -não é?,Interrogativa
- no escalão mais baixo.,Declarativa
"Em 3 anos consegui subir e quando vim já era procuradora do banco em em Silva Porto, e em Portugal aconteceu a mesma coisa:",Declarativa
"Vim para o Porto, fui colocada no balcão das Antas.",Declarativa
"Entretanto fui convidada, como sabiam que os meus filhos estavam em Guimarães e eu tinha pedido a transferência para Guimarães e na altura as viagens para o Porto ainda não havia autoestradas.",Declarativa
"Nós tínhamos, eu diria que tinha que fazer de autocarro e levavam duas horas, obrigou me a que eu tivesse que alugar uma casa, um quarto de um lar de estudantes no Porto, onde ia à segunda à sexta feira e regressava.",Declarativa
"Durante a semana, a minha sogra, que é a tua avó, ficava convosco.",Declarativa
Vocês eram pequeninos.,Declarativa
Tu tinhas três anos e a tua irmã tinha.,Declarativa
"Não, eu não.",Declarativa
O meu tio?,Interrogativa
O teu tio tinha três anos e a tua mãe tinha um ano.,Declarativa
"Entretanto, em abril foi criado um gabinete da direcção do banco aqui em Guimarães e eu fui convidada para o secretariado.",Declarativa
"Portanto, vim para aqui como secretária.",Declarativa
"Mais tarde, fui para o balcão trabalhar e acabei a minha carreira como gerente do banco.",Declarativa
"É um balcão muito grande, em que a equipa da gerência era composta por cinco pessoas: o primeiro gerente, depois havia um segundo gerente de crédito e um subgerente de crédito.",Declarativa
E eu era a segunda gerente da área de aplicações financeiras - Atendimento ao balcão.,Declarativa
"A forma de trabalhar da banca, era igual aqui ou em Angola era diferente?",Interrogativa
A maneira de trabalhar era diferente.,Declarativa
"Agora, as coisas evoluíram muito.",Declarativa
"Eu quando entrei para a banca, em 1969, ainda não havia computadores.",Declarativa
"O primeiro computador com que trabalhei era um NCR, que tinha para aí um metro de largura.",Declarativa
"E era aí que nós começámos a trabalhar, porque eu ainda sou do tempo em que para fazer lançar os movimentos dos clientes eram lançados à mão com uma máquina de calcular.",Declarativa
Como é que?,Interrogativa
Como é que isto era feito?,Interrogativa
"Nós tínhamos uma ficha de cada cliente e quando o cliente vinha lá, por exemplo, para levantar um cheque, nós tínhamos que, à mão, escrever a data, pôr o número do cheque, o valor e abater e o valor do levantamento.",Declarativa
"E o mesmo acontecia com os depósitos, não é?",Interrogativa
Então e depois?,Interrogativa
"Como é que fizeram essa adaptação, na altura mais digital.",Declarativa
"Tinham que passar isso tudo para computadores, não foi?",Interrogativa
Exactamente.,Declarativa
"Nessa altura foi um técnico passar com o nosso apoio e então começámos a trabalhar com o computador, facilitando assim o serviço.",Declarativa
Isso demorou muito tempo na altura?,Interrogativa
"Deu muito trabalho, muitos problemas?",Interrogativa
"Não, na altura as pessoas adaptaram-se com relativa facilidade.",Declarativa
Depois veio a Nixdorf e por aí adiante.,Declarativa
O que é que era a Nixdorf?,Interrogativa
"Era um tipo de computador diferente, mais pequeno.",Declarativa
"Estás a ver as televisões antigamente, como eram umas caixas grandes?",Interrogativa
Eles tinham aquela configuração mais ou menos dessas televisões.,Declarativa
"Antigamente, os bancos também deviam estar cheios de papéis, dos extratos de muitos papéis, não?",Interrogativa
"Muito, muito, muito trabalho administrativo.",Declarativa
"Nada estava digitalizado, pois o sistema informático ainda estava muito...",Declarativa
Não estava evoluído?,Interrogativa
"Não estava evoluído, razão pela qual hoje vais à banca e num balcão encontras para aí 12 ou 13 funcionários.",Declarativa
"Por exemplo, aqui em Guimarães, na altura em que vim para Guimarães, éramos 36 empregados.",Declarativa
"Hoje, estamos reduzidos, estão reduzidos.",Declarativa
Eu acho que para aí há 12 ou 13.,Declarativa
Não faço ideia.,Declarativa
"Mas uma coisa assim muito, muito pequena.",Declarativa
E o que é que as pessoas procuravam nos bancos antigamente?,Interrogativa
"Fundamentalmente, depositavam as suas economias, pagavam...",Declarativa
"Esta zona aqui de Guimarães é uma zona muito industrializada, portanto nós estávamos ligados às empresas.",Declarativa
"Chegávamos ao fim do mês, os pagamentos de ordenados eram feitos através do banco, portanto o fim do mês era sempre muito movimentado porque não havia caixas multibanco e os clientes tinham que ir ao balcão levantar o dinheiro.",Declarativa
Devia ser muito tempo.,Declarativa
"Quanto é que uma pessoa demoraria na fila assim, em média?",Interrogativa
Tudo isto sem exageros.,Declarativa
"Ora, nós tínhamos filas aí, sei lá, de de para aí de 20m.",Declarativa
Saíam do Banco?,Interrogativa
Pensei que fosse maior.,Declarativa
"Não era assim, mas tínhamos, mas é preciso ver que nós tínhamos dez caixas a funcionar.",Declarativa
"E os turnos, como é que era?",Interrogativa
Era assim normal?,Interrogativa
Era 8 horas?,Interrogativa
"Não, não, não.",Declarativa
O horário era igual.,Declarativa
"Nós entrávamos às 08h30, saíamos e tínhamos 1h para almoçar.",Declarativa
"Depois saíamos às 04h30, mas nunca saíamos às 04h30 porque tínhamos muito movimento para o balcão e havia serviço administrativo que tinha que ser feito, o que nos obrigava a trabalhar fora de horas porque não tínhamos capacidade para fazer dentro do horário normal a parte administrativa.",Declarativa
"Nessa altura, o Santander era o edifício que é agora o Santander Empresas, mais o dos clientes, não era?",Interrogativa
"Não, naquele tempo, era o Santander que existe agora para clientes, que que era o Banco Totta e Açores.",Declarativa
"Depois de fazer a fusão com Santander é que criaram o Santander Empresas, que neste momento está a funcionar num edifício à parte.",Declarativa
"Ou seja, vocês faziam o que fazia o Santander Empresas.",Declarativa
O que acontece lá agora faziam lá as instalações antigas?,Interrogativa
Exatamente.,Declarativa
"Também não fazíamos parte da Comunidade Europeia, portanto havia muito movimento de moeda estrangeira, especialmente os imigrantes.",Declarativa
Era tudo.,Declarativa
"Tudo físico, não é?",Interrogativa
Eles traziam sacos com notas.,Declarativa
Sim.,Declarativa
"Malas, não digo, eles traziam dinheiro físico.",Declarativa
Eles também podiam fazer transferências.,Declarativa
Também faziam transferências.,Declarativa
E como é que se fazia o câmbio de moeda antigamente?,Interrogativa
Era muito demorado?,Interrogativa
Como é que era o câmbio?,Interrogativa
"Nós tínhamos acesso ao valor cambial da moeda, fazíamos a compra da moeda ou a venda.",Declarativa
Às vezes iam lá comprar.,Declarativa
"Nós também tínhamos stock de moeda, não é?",Interrogativa
E quando não tínhamos stock?,Interrogativa
"Normalmente, quando o cliente, especialmente os empresários, os empresários, quando iam às feiras, à Europa, eles requisitavam as moedas estrangeiras de acordo com o país que fossem.",Declarativa
"Se fossem para França, eram francos franceses, não é?",Interrogativa
.,Declarativa
"E fossem para a Itália, eram as libras.",Declarativa
E então nós tínhamos que requisitar aos serviços centrais.,Declarativa
E se não houvesse remessa?,Interrogativa
Se fosse uma moeda que não estava no banco.,Declarativa
Normalmente tinha.,Declarativa
Os serviços centrais tinham sempre reserva para isso.,Declarativa
"Naquela altura, Guimarães só tinha aquele balcão do Santander ou havia mais?",Interrogativa
"Quando eu vim para cá, só havia um balcão do Santander.",Declarativa
"Depois, mais tarde, o Santander comprou o Crédito Predial Português e sei que em Guimarães, quando eu saí para a reforma, nós tínhamos em Guimarães três balcões.",Declarativa
"Entretanto, há aqui uma freguesia que é Pevidém, que pertence a Guimarães também, que também tinha um balcão.",Declarativa
"Portanto, nós aqui só em Guimarães tínhamos na Avenida D. João IV, tínhamos em Azurém, tínhamos o Toural e tínhamos nas Taipas e em Pevidém.",Declarativa
"E nessa altura, mais no que diz respeito à cidade, o que é que na altura era diferente ou consideravelmente diferente e agora neste momento já não é assim?",Interrogativa
Diferente em que aspeto?,Interrogativa
"Ou para o melhor ou para pior, Ou coisas que eram mais difíceis ou que agora.",Declarativa
"No que se refere à banca, torna-se muito mais facilitado porque nós praticamente não precisamos de ir ao banco.",Declarativa
"Fazemos através da Internet, da Netbanco.",Declarativa
"Fazemos as operações todas que precisamos de fazer, não é?",Interrogativa
Normalmente só saímos de casa para fazer qualquer movimento bancário quando precisamos de levantar dinheiro.,Declarativa
"Caso contrário, depósitos, transferências, fazemos tudo através da Internet.",Declarativa
"Portanto, facilitou bastante e muito mais.",Declarativa
E Guimarães evoluiu.,Declarativa
Eu vim para aqui em 1977.,Declarativa
A cidade cresceu bastante.,Declarativa
Não havia shoppings.,Declarativa
Mais tarde é que vieram os shoppings.,Declarativa
Eu vim para aqui em 77.,Declarativa
"Os shoppings são dos anos 80, 80",Declarativa
"e. Não havia autoestrada, pois não?",Interrogativa
"Não, não havia autoestrada.",Declarativa
Fez-se a autoestrada.,Declarativa
Os meios de comunicação evoluíram bastante.,Declarativa
A população também aumentou.,Declarativa
"Pronto, modificaram para melhor.",Declarativa
Acho que para melhor.,Declarativa
Guimarães é uma cidade muito bonita.,Declarativa
"E penso eu, eu conheço já a maior parte de Portugal, que é uma das cidades onde a qualidade de vida é melhor.",Declarativa
"É melhor, porque é uma cidade muito aconchegante, estamos perto de tudo.",Declarativa
A maior parte das pessoas não se precisam de se deslocar de automóvel.,Declarativa
A pé conseguem resolver os seus problemas.,Declarativa
"E é uma cidade bonita, uma cidade histórica.",Declarativa
Basta dizer,Declarativa
Aqui nasceu Portugal.,Declarativa
"Os vimaranenses são muito orgulhosos da sua terra e, portanto, como tal, eles são cuidadosos.",Declarativa
Deve ser das terras em Portugal com as ruas mais limpas.,Declarativa
E com espaços verdes?,Interrogativa
"E com espaços verdes, muitos espaços verdes.",Declarativa
É uma cidade típica porque a parte histórica está muito bem conservada.,Declarativa
"E assim, se calhar, o que é que gostas mais na cidade?",Interrogativa
Ou que gostavas quando vieste para cá?,Interrogativa
O que é que gostavas mais?,Interrogativa
"Eu quando vim para cá, no início, estava numa situação um bocado complicada, uma vez que estava a começar uma vida nova em Portugal, porque tinha regressado de Angola e estava naquele período de adaptação e de incerteza.",Declarativa
"O teu avô era professor, como tu sabes e ele estava na Baixa da Banheira a trabalhar e eu estava aqui.",Declarativa
"Tinha o apoio da tua bisavó, mas pronto, estava no início de vida.",Declarativa
"Mas conseguimos, passo a passo, recompormo-nos e recompusemo-nos e pronto.",Declarativa
"E não há dúvida que realmente é uma cidade que com bastantes recursos, o que me ajudou bastante também na progressão da minha vida e da minha vida familiar e profissional.",Declarativa
Em que sítios da cidade é que vocês moraram quando vieram para cá?,Interrogativa
"Inicialmente morámos no centro da cidade, numa das avenidas principais, que era a Avenida D. Afonso Henriques e depois comprámos um apartamento numa freguesia que é Azurém, mas localizada no Monte Largo, que distava da cidade cerca de 2,5km, sensivelmente.",Declarativa
Aí já nos obrigava a termos que nos deslocar de automóvel ou autocarro.,Declarativa
"Entretanto, mais tarde, passado 8 ou 10 anos, omprei este apartamento onde nós vivemos agora.",Declarativa
"Muito central, como tu vês.",Declarativa
Estamos muito bem localizados.,Declarativa
"Temos todos, todos, todos os serviços à nossa porta.",Declarativa
"Desde Cabeleireiras, Supermercados, Laboratório de Análises, Centro de Saúde, Farmácia, Pastelarias.",Declarativa
Até o campo de futebol.,Declarativa
"Portanto, nós da nossa casa quase vemos o campo de futebol.",Declarativa
"Portanto, para ir ao centro da cidade, dista 500m.",Declarativa
Antigamente as pessoas deslocavam se de carro ou de autocarro?,Interrogativa
Como é que as pessoas faziam as deslocações para o trabalho?,Interrogativa
A maior parte das pessoas deslocavam-se de autocarro.,Declarativa
"Claro que havia carros, mas não havia a quantidade de carros que existe hoje, porque as pessoas, entretanto, foram melhorando as suas vidas e, portanto, as pessoas da minha idade já estão velhas.",Declarativa
"Mas agora as pessoas com a idade da tua mãe e do teu pai, não há ninguém que não tenha um carro.",Declarativa
"Pessoas que estudaram, a maior parte das pessoas licenciadas e que têm a sua vida formada e, portanto, com empregos razoáveis, embora a cidade esteja muito bem servida de autocarros, não é?",Interrogativa
Nós precisamos de autocarros.,Declarativa
"Meios de transporte, também não temos que que nos queixar.",Declarativa
"Temos autocarros, temos comboio, temos um autocarro só para fazer viagens para o aeroporto para quem precise de se deslocar e não quiser levar a viatura.",Declarativa
"Portanto, temos vários.",Declarativa
"Temos aquele campo de treino dos irmãos gémeos Castro, com piscina, com várias atividades, vários ginásios, temos uma feira semanal com tudo.",Declarativa
"temos um mercado muito bem apetrechado, Temos vários shoppings, mas hipermercados temos vários.",Declarativa
Estamos muito bem servidos.,Declarativa
"Então, aqui nós, na nossa zona, até a veterinária temos, consultórios médicos, temos a Cruz Verde, que funciona 24 horas por dia.",Declarativa
"Portanto, nós, em qualquer momento, qualquer coisa que surja, temos aquele apoio.",Declarativa
Pelo menos é o hospital que está aqui ao lado esse hospital.,Declarativa
Quando é que abriu?,Interrogativa
Antigamente havia o Hospital Velho.,Declarativa
"Sim, eu quando vim para cá, o Hospital Novo começou a funcionar a partir de 1990.",Declarativa
Foi a partir daí.,Declarativa
Não sei precisar a inauguração concretamente.,Declarativa
"Ora bem, tu nasceste em 2002, já foi no Hospital Novo.",Declarativa
"Portanto, a tua avó faleceu em 1990 e ainda faleceu no Hospital Velho.",Declarativa
"Ela foi na Nossa Senhora de Oliveira, que era o nome?Acho que é o nome que dão a hospital.",Declarativa
Este é que é o Senhora de Oliveira.,Declarativa
"Aquele não sei qual é o nome, que é o hospital que fica ali ao pé da Misericórdia ao pé do castelo.",Declarativa
"Sim, foi aí, portanto, em 1990.",Declarativa
"A avó morreu, ainda existia esse hospital.",Declarativa
Na altura havia centros de saúde?,Interrogativa
Havia.,Declarativa
Sempre.,Declarativa
Houve sempre.,Declarativa
"Havia médicos referenciados que se destacavam, não era?",Interrogativa
"Havia muitos médicos, agora há muitos mais, mas havia um médico fazendo conforme as especialidades.",Declarativa
"Sabia que se quisesse ir ao oftalmologista, vais àquele médico X, que ele é muito bom.",Declarativa
"Se for medicina dentária, é este médico.",Declarativa
Dentistas?,Interrogativa
Muito poucos.,Declarativa
Estás a ver?,Interrogativa
"Não havia muitos dentistas para ir, dois ou três.",Declarativa
Mas ginecologistas?,Interrogativa
"Havia um que eu ainda fui consultado por esse médico que, por ironia do destino, a nossa rua tem o nome dele, que é o Dr. João Afonso de Almeida.",Declarativa
"Ah, eu pensei que ele fosse alguém mais antigo.",Declarativa
"Então já não é vivo, pois não?",Interrogativa
"Não, já morreu.",Declarativa
Ele tinha consultório por cima da pastelaria do Osvaldinho.,Declarativa
Onde é que isso fica?,Interrogativa
É aquela pastelaria que fica na esquina para a rua Gil Vicente.,Declarativa
"Ficava aí o consultório, não é?",Interrogativa
O consultório ficava por cima.,Declarativa
E havia lá muita gente?,Interrogativa
Quase todas as senhoras que estavam de bebé tinham problemas relacionados com ginecologia.,Declarativa
Iam lá porque ele era um médico de referência e toda a gente confiava naquele médico.,Declarativa
"Portanto, o dentista era o Dr. Osvaldo, que era também conhecido, já faleceu.",Declarativa
"Entretanto, as coisas foram evoluindo e começaram a haver mais clínicas.",Declarativa
"Aumentaram as clínicas privadas, temos várias clínicas privadas, temos os dois hospitais, temos o Hospital do Estado, temos o Hospital da Luz, mas clínicas temos bastantes.",Declarativa
